DEPOT NO.,XCOORD,YCOORD
1,21.1248540319707,1.0686077658406800
2,53.361108444150700,49.64185279450520
3,41.123966499021700,42.608196224031400
4,33.66400764178010,10.87993734820740
5,8.898839530718670,9.318648633665210
6,8.897490039717880,9.399467618808530
7,3.4194922162060900,15.58225918782770
8,48.631299798443000,26.865102977834100
9,33.801447410270800,22.116307986453300
10,39.785594886874800,14.916429897816800